<?xml version="1.0" encoding="UTF-8" ?>
<!DOCTYPE configuration
        PUBLIC "-//mybatis.org//DTD Config 3.0//EN"
        "http://mybatis.org/dtd/mybatis-3-config.dtd">
<configuration>
    <environments default="development">
        <environment id="development">
            <transactionManager type="JDBC"/>
            <dataSource type="POOLED">
                <property name="driver" value="com.mysql.cj.jdbc.Driver"/>
                <property name="url" value="jdbc:mysql://localhost:3306/javawebstudy"/>
                <property name="username" value="root"/>
                <property name="password" value="ysc2265495098"/>
            </dataSource>
        </environment>
    </environments>
    <mappers>
        <mapper class="com.test.mapper.TestMapper"/>
        <!--这里就不能用url了，和resource，而是用class来表示绑定类(接口)-->
    </mappers>
</configuration>